{
  "baseUrl": "http://planner-gateway-trkb3.dev.ugcloud.local/#/login",

  "calendarPageUrl": "http://planner-gateway-trkb3.dev.ugcloud.local/#/calendar",

  "baseApiUrl": "http://planner-gateway-trkb3.dev.ugcloud.local/api/",

  "validCenterUser": {
    "username": "CTRSTL01",
    "password": "password"
  },

  "validHqUser": {
    "username": "UNIGROUP",
    "password": "password"
  },

  "invalidUser": {
    "username": "test",
    "password": "test123"
  },

  "createNewEventValidData": {
    "customerName": "Test",
    "locationType": "DESTINATION",
    "zipCode": "04648",
    "shipmentType": "CONTAINER",
    "orderNumber": "8394kjadfjh8439",
    "opportunityNumber": "8394sdadkhf8393",
    "estimateNumber": "283isdfkleim8379",
    "flex": "false"
  },

  "createNewEventInvalidData": {
    "customerName": "*#Test$&",
    "zipCode": "847462",
    "orderNumber": "8a4cb68d578a4cb68d578a4cb68d57ze5",
    "opportunityNumber": "8a4cb68d578a4cb68d578a4cb68d57ze5",
    "estimateNumber": "8a4cb68d578a4cb68d578a4cb68d57ze5",
    "flex": "false"
  },

  "addProfileDetails" :{
    "profileName" : "Profile-1",
    "sunSlotValue": "12",
    "monSlotValue": "12",
    "tueSlotValue": "12",
    "wedSlotValue": "12",
    "thuSlotValue": "12",
    "friSlotValue": "12",
    "satSlotValue": "12",
    "exceptionSlotValue": "50"
  },
  "centerCalendarRealms": {
    "stLouis01": "CTRSTL01",
    "stLouis02": "CTRSTL02",
    "stLouisMarket": "St. Louis Market",
    "chicagoMarket": "Chicago Market",
    "chicagoOne" : "CCHI001",
    "chicagoTwo" : "CCHI002",
    "laMarket": "Los Angeles Market"
  },

  "centerIdForCenterCalendarRealm": {
    "centerIdForCalendarOne": "528376ca1ecb4dd3a20a6c544f69c2ba",
    "centerIdForCalendarTwo": "96db864fdb4f6d64e8aa367342038baf"
  },

  "deleteCenters": [
    {
      "id": "528376ca1ecb4dd3a20a6c544f69c2ba",
      "centerName": "CTRSTL01"
    },
    {
      "id": "96db864fdb4f6d64e8aa367342038baf",
      "centerName": "CTRSTL02"
    },
    {
      "id": "e8abe6caf43084070be56d5c30a135de",
      "centerName": "CCHI001"
    },
    {
      "id": "e1d1978f9ffc3f692b0c1ea3996f7c21",
      "centerName": "CCHI002"
    },
    {
      "id": "c149b8bc9e6573ffb3f8f18f4ad8a7bb",
      "centerName": "CCHI003"
    },
    {
      "id": "443d05306d45654a9690ade0f97d0ecb",
      "centerName": "CLAX001"
    },
    {
      "id": "6b193f246206ed433e6d8e50cbdc08a8",
      "centerName": "CLAX002"
    },{
      "id" : "1a7ed10e557d0e93b8378faded0ddc4a",
      "centerName":"CLAX003"
    }
  ],

  "applyCenter": [
    {
      "id": "e8abe6caf43084070be56d5c30a135de",
      "centerName": "CCHI001"
    },
    {
      "id": "e1d1978f9ffc3f692b0c1ea3996f7c21",
      "centerName": "CCHI002"
    },
    {
      "id": "443d05306d45654a9690ade0f97d0ecb",
      "centerName": "CLAX001"
    }
  ],

  "singleSlotProfile": {
    "profileName": "Profile-1-Slot",
    "eventsCountOnSunday": "1",
    "eventsCountOnMonday": "1",
    "eventsCountOnTuesday": "1",
    "eventsCountOnWednesday": "1",
    "eventsCountOnThursday": "1",
    "eventsCountOnFriday": "1",
    "eventsCountOnSaturday": "1"
  }


}
