{
  "project": {
    "version": "1.0.0",
    "name": "planner-ui"
  },
  "apps": [
    {
      "root": "src",
      "outDir": "dist",
      "assets": [
        "assets",
        "favicon.ico"
      ],
      "index": "index.html",
      "main": "main.ts",
      "test": "test.ts",
      "tsconfig": "tsconfig.json",
      "prefix": "app",
      "mobile": false,
      "styles": [
        "assets/css/custom-bootstrap.scss",
        "../node_modules/font-awesome/css/font-awesome.css",
        "../node_modules/primeng/resources/themes/omega/theme.css",
        "../node_modules/primeng/resources/primeng.css",
        "../node_modules/fullcalendar/dist/fullcalendar.css",
        "styles.scss"
      ],
      "scripts": [
        "../node_modules/jquery/dist/jquery.js",
        "../node_modules/moment/min/moment.min.js",
        "../node_modules/fullcalendar/dist/fullcalendar.js",
        "../node_modules/bootstrap/js/modal.js"
      ],
      "environmentSource":"environments/environment.ts",
      "environments": {
        "dev": "environments/environment.ts",
        "prod": "environments/environment.prod.ts"
      }
    }
  ],
  "e2e": {
    "protractor": {
      "config": "./protractor.conf.js"
    }
  },
  "test": {
    "karma": {
      "config": "./karma.conf.js"
    }
  },
  "lint": [
    {
      "project": "src/tsconfig.json",
      "exclude": "**/node_modules/**/*"
    }
  ],
  "defaults": {
    "styleExt": "sass",
    "prefixInterfaces": false,
    "inline": {
      "style": false,
      "template": false
    },
    "spec": {
      "class": false,
      "component": true,
      "directive": true,
      "module": false,
      "pipe": true,
      "service": true
    }
  }
}
